model_group,year,normalized_theme,count,year_total_real,percentage
ChatGPT,2000,love_relationships,50,100,50.0
ChatGPT,2000,heartbreak_loss,15,100,15.0
ChatGPT,2000,sex_desire,10,100,10.0
ChatGPT,2000,self_reflection_growth,7,100,7.0
ChatGPT,2000,empowerment_confidence,5,100,5.0
ChatGPT,2000,party_celebration,4,100,4.0
ChatGPT,2000,lifestyle_success,4,100,4.0
ChatGPT,2000,social_commentary,3,100,3.0
ChatGPT,2000,faith_spirituality,2,100,2.0
ChatGPT,2000,other,0,100,0.0
ChatGPT,2001,love_relationships,43,99,43.43434343434343
ChatGPT,2001,heartbreak_loss,15,99,15.151515151515152
ChatGPT,2001,sex_desire,11,99,11.11111111111111
ChatGPT,2001,self_reflection_growth,10,99,10.1010101010101
ChatGPT,2001,empowerment_confidence,8,99,8.080808080808081
ChatGPT,2001,party_celebration,7,99,7.070707070707071
ChatGPT,2001,lifestyle_success,4,99,4.040404040404041
ChatGPT,2001,social_commentary,1,99,1.0101010101010102
ChatGPT,2001,faith_spirituality,0,99,0.0
ChatGPT,2001,other,0,99,0.0
ChatGPT,2002,love_relationships,41,100,41.0
ChatGPT,2002,heartbreak_loss,13,100,13.0
ChatGPT,2002,sex_desire,11,100,11.0
ChatGPT,2002,self_reflection_growth,10,100,10.0
ChatGPT,2002,empowerment_confidence,8,100,8.0
ChatGPT,2002,party_celebration,6,100,6.0
ChatGPT,2002,lifestyle_success,7,100,7.0
ChatGPT,2002,social_commentary,2,100,2.0
ChatGPT,2002,faith_spirituality,2,100,2.0
ChatGPT,2002,other,0,100,0.0
ChatGPT,2003,love_relationships,37,100,37.0
ChatGPT,2003,heartbreak_loss,13,100,13.0
ChatGPT,2003,sex_desire,16,100,16.0
ChatGPT,2003,self_reflection_growth,9,100,9.0
ChatGPT,2003,empowerment_confidence,9,100,9.0
ChatGPT,2003,party_celebration,8,100,8.0
ChatGPT,2003,lifestyle_success,1,100,1.0
ChatGPT,2003,social_commentary,6,100,6.0
ChatGPT,2003,faith_spirituality,1,100,1.0
ChatGPT,2003,other,0,100,0.0
ChatGPT,2004,love_relationships,30,98,30.612244897959183
ChatGPT,2004,heartbreak_loss,13,98,13.26530612244898
ChatGPT,2004,sex_desire,20,98,20.408163265306122
ChatGPT,2004,self_reflection_growth,7,98,7.142857142857143
ChatGPT,2004,empowerment_confidence,5,98,5.1020408163265305
ChatGPT,2004,party_celebration,11,98,11.224489795918368
ChatGPT,2004,lifestyle_success,6,98,6.122448979591836
ChatGPT,2004,social_commentary,4,98,4.081632653061225
ChatGPT,2004,faith_spirituality,2,98,2.0408163265306123
ChatGPT,2004,other,0,98,0.0
ChatGPT,2005,love_relationships,33,100,33.0
ChatGPT,2005,heartbreak_loss,13,100,13.0
ChatGPT,2005,sex_desire,16,100,16.0
ChatGPT,2005,self_reflection_growth,9,100,9.0
ChatGPT,2005,empowerment_confidence,7,100,7.0
ChatGPT,2005,party_celebration,11,100,11.0
ChatGPT,2005,lifestyle_success,7,100,7.0
ChatGPT,2005,social_commentary,2,100,2.0
ChatGPT,2005,faith_spirituality,0,100,0.0
ChatGPT,2005,other,2,100,2.0
ChatGPT,2006,love_relationships,27,100,27.0
ChatGPT,2006,heartbreak_loss,13,100,13.0
ChatGPT,2006,sex_desire,27,100,27.0
ChatGPT,2006,self_reflection_growth,10,100,10.0
ChatGPT,2006,empowerment_confidence,4,100,4.0
ChatGPT,2006,party_celebration,7,100,7.0
ChatGPT,2006,lifestyle_success,6,100,6.0
ChatGPT,2006,social_commentary,4,100,4.0
ChatGPT,2006,faith_spirituality,1,100,1.0
ChatGPT,2006,other,1,100,1.0
ChatGPT,2007,love_relationships,28,99,28.282828282828284
ChatGPT,2007,heartbreak_loss,16,99,16.161616161616163
ChatGPT,2007,sex_desire,18,99,18.181818181818183
ChatGPT,2007,self_reflection_growth,6,99,6.0606060606060606
ChatGPT,2007,empowerment_confidence,11,99,11.11111111111111
ChatGPT,2007,party_celebration,7,99,7.070707070707071
ChatGPT,2007,lifestyle_success,8,99,8.080808080808081
ChatGPT,2007,social_commentary,5,99,5.05050505050505
ChatGPT,2007,faith_spirituality,0,99,0.0
ChatGPT,2007,other,0,99,0.0
ChatGPT,2008,love_relationships,35,99,35.35353535353536
ChatGPT,2008,heartbreak_loss,8,99,8.080808080808081
ChatGPT,2008,sex_desire,20,99,20.2020202020202
ChatGPT,2008,self_reflection_growth,9,99,9.090909090909092
ChatGPT,2008,empowerment_confidence,8,99,8.080808080808081
ChatGPT,2008,party_celebration,6,99,6.0606060606060606
ChatGPT,2008,lifestyle_success,10,99,10.1010101010101
ChatGPT,2008,social_commentary,3,99,3.0303030303030303
ChatGPT,2008,faith_spirituality,0,99,0.0
ChatGPT,2008,other,0,99,0.0
ChatGPT,2009,love_relationships,34,99,34.343434343434346
ChatGPT,2009,heartbreak_loss,13,99,13.131313131313131
ChatGPT,2009,sex_desire,12,99,12.121212121212121
ChatGPT,2009,self_reflection_growth,9,99,9.090909090909092
ChatGPT,2009,empowerment_confidence,12,99,12.121212121212121
ChatGPT,2009,party_celebration,11,99,11.11111111111111
ChatGPT,2009,lifestyle_success,6,99,6.0606060606060606
ChatGPT,2009,social_commentary,1,99,1.0101010101010102
ChatGPT,2009,faith_spirituality,0,99,0.0
ChatGPT,2009,other,1,99,1.0101010101010102
ChatGPT,2010,love_relationships,38,99,38.38383838383838
ChatGPT,2010,heartbreak_loss,12,99,12.121212121212121
ChatGPT,2010,sex_desire,12,99,12.121212121212121
ChatGPT,2010,self_reflection_growth,7,99,7.070707070707071
ChatGPT,2010,empowerment_confidence,6,99,6.0606060606060606
ChatGPT,2010,party_celebration,14,99,14.141414141414142
ChatGPT,2010,lifestyle_success,10,99,10.1010101010101
ChatGPT,2010,social_commentary,0,99,0.0
ChatGPT,2010,faith_spirituality,0,99,0.0
ChatGPT,2010,other,0,99,0.0
ChatGPT,2011,love_relationships,24,100,24.0
ChatGPT,2011,heartbreak_loss,12,100,12.0
ChatGPT,2011,sex_desire,15,100,15.0
ChatGPT,2011,self_reflection_growth,7,100,7.0
ChatGPT,2011,empowerment_confidence,12,100,12.0
ChatGPT,2011,party_celebration,21,100,21.0
ChatGPT,2011,lifestyle_success,7,100,7.0
ChatGPT,2011,social_commentary,2,100,2.0
ChatGPT,2011,faith_spirituality,0,100,0.0
ChatGPT,2011,other,0,100,0.0
ChatGPT,2012,love_relationships,34,100,34.0
ChatGPT,2012,heartbreak_loss,17,100,17.0
ChatGPT,2012,sex_desire,13,100,13.0
ChatGPT,2012,self_reflection_growth,5,100,5.0
ChatGPT,2012,empowerment_confidence,10,100,10.0
ChatGPT,2012,party_celebration,13,100,13.0
ChatGPT,2012,lifestyle_success,7,100,7.0
ChatGPT,2012,social_commentary,1,100,1.0
ChatGPT,2012,faith_spirituality,0,100,0.0
ChatGPT,2012,other,0,100,0.0
ChatGPT,2013,love_relationships,37,100,37.0
ChatGPT,2013,heartbreak_loss,9,100,9.0
ChatGPT,2013,sex_desire,9,100,9.0
ChatGPT,2013,self_reflection_growth,9,100,9.0
ChatGPT,2013,empowerment_confidence,11,100,11.0
ChatGPT,2013,party_celebration,10,100,10.0
ChatGPT,2013,lifestyle_success,9,100,9.0
ChatGPT,2013,social_commentary,4,100,4.0
ChatGPT,2013,faith_spirituality,1,100,1.0
ChatGPT,2013,other,1,100,1.0
ChatGPT,2014,love_relationships,25,99,25.252525252525253
ChatGPT,2014,heartbreak_loss,15,99,15.151515151515152
ChatGPT,2014,sex_desire,19,99,19.19191919191919
ChatGPT,2014,self_reflection_growth,12,99,12.121212121212121
ChatGPT,2014,empowerment_confidence,10,99,10.1010101010101
ChatGPT,2014,party_celebration,11,99,11.11111111111111
ChatGPT,2014,lifestyle_success,5,99,5.05050505050505
ChatGPT,2014,social_commentary,2,99,2.0202020202020203
ChatGPT,2014,faith_spirituality,0,99,0.0
ChatGPT,2014,other,0,99,0.0
ChatGPT,2015,love_relationships,35,98,35.714285714285715
ChatGPT,2015,heartbreak_loss,15,98,15.306122448979592
ChatGPT,2015,sex_desire,14,98,14.285714285714286
ChatGPT,2015,self_reflection_growth,2,98,2.0408163265306123
ChatGPT,2015,empowerment_confidence,13,98,13.26530612244898
ChatGPT,2015,party_celebration,10,98,10.204081632653061
ChatGPT,2015,lifestyle_success,7,98,7.142857142857143
ChatGPT,2015,social_commentary,0,98,0.0
ChatGPT,2015,faith_spirituality,1,98,1.0204081632653061
ChatGPT,2015,other,1,98,1.0204081632653061
ChatGPT,2016,love_relationships,30,100,30.0
ChatGPT,2016,heartbreak_loss,12,100,12.0
ChatGPT,2016,sex_desire,17,100,17.0
ChatGPT,2016,self_reflection_growth,9,100,9.0
ChatGPT,2016,empowerment_confidence,9,100,9.0
ChatGPT,2016,party_celebration,7,100,7.0
ChatGPT,2016,lifestyle_success,13,100,13.0
ChatGPT,2016,social_commentary,2,100,2.0
ChatGPT,2016,faith_spirituality,0,100,0.0
ChatGPT,2016,other,1,100,1.0
ChatGPT,2017,love_relationships,31,99,31.31313131313131
ChatGPT,2017,heartbreak_loss,9,99,9.090909090909092
ChatGPT,2017,sex_desire,15,99,15.151515151515152
ChatGPT,2017,self_reflection_growth,4,99,4.040404040404041
ChatGPT,2017,empowerment_confidence,10,99,10.1010101010101
ChatGPT,2017,party_celebration,7,99,7.070707070707071
ChatGPT,2017,lifestyle_success,19,99,19.19191919191919
ChatGPT,2017,social_commentary,4,99,4.040404040404041
ChatGPT,2017,faith_spirituality,0,99,0.0
ChatGPT,2017,other,0,99,0.0
ChatGPT,2018,love_relationships,34,99,34.343434343434346
ChatGPT,2018,heartbreak_loss,16,99,16.161616161616163
ChatGPT,2018,sex_desire,6,99,6.0606060606060606
ChatGPT,2018,self_reflection_growth,2,99,2.0202020202020203
ChatGPT,2018,empowerment_confidence,12,99,12.121212121212121
ChatGPT,2018,party_celebration,3,99,3.0303030303030303
ChatGPT,2018,lifestyle_success,21,99,21.21212121212121
ChatGPT,2018,social_commentary,3,99,3.0303030303030303
ChatGPT,2018,faith_spirituality,1,99,1.0101010101010102
ChatGPT,2018,other,1,99,1.0101010101010102
ChatGPT,2019,love_relationships,25,100,25.0
ChatGPT,2019,heartbreak_loss,17,100,17.0
ChatGPT,2019,sex_desire,13,100,13.0
ChatGPT,2019,self_reflection_growth,4,100,4.0
ChatGPT,2019,empowerment_confidence,9,100,9.0
ChatGPT,2019,party_celebration,2,100,2.0
ChatGPT,2019,lifestyle_success,22,100,22.0
ChatGPT,2019,social_commentary,4,100,4.0
ChatGPT,2019,faith_spirituality,2,100,2.0
ChatGPT,2019,other,2,100,2.0
ChatGPT,2020,love_relationships,25,99,25.252525252525253
ChatGPT,2020,heartbreak_loss,15,99,15.151515151515152
ChatGPT,2020,sex_desire,15,99,15.151515151515152
ChatGPT,2020,self_reflection_growth,8,99,8.080808080808081
ChatGPT,2020,empowerment_confidence,7,99,7.070707070707071
ChatGPT,2020,party_celebration,8,99,8.080808080808081
ChatGPT,2020,lifestyle_success,19,99,19.19191919191919
ChatGPT,2020,social_commentary,1,99,1.0101010101010102
ChatGPT,2020,faith_spirituality,0,99,0.0
ChatGPT,2020,other,1,99,1.0101010101010102
ChatGPT,2021,love_relationships,30,100,30.0
ChatGPT,2021,heartbreak_loss,18,100,18.0
ChatGPT,2021,sex_desire,15,100,15.0
ChatGPT,2021,self_reflection_growth,9,100,9.0
ChatGPT,2021,empowerment_confidence,8,100,8.0
ChatGPT,2021,party_celebration,4,100,4.0
ChatGPT,2021,lifestyle_success,13,100,13.0
ChatGPT,2021,social_commentary,1,100,1.0
ChatGPT,2021,faith_spirituality,1,100,1.0
ChatGPT,2021,other,1,100,1.0
ChatGPT,2022,love_relationships,31,100,31.0
ChatGPT,2022,heartbreak_loss,21,100,21.0
ChatGPT,2022,sex_desire,15,100,15.0
ChatGPT,2022,self_reflection_growth,12,100,12.0
ChatGPT,2022,empowerment_confidence,8,100,8.0
ChatGPT,2022,party_celebration,4,100,4.0
ChatGPT,2022,lifestyle_success,6,100,6.0
ChatGPT,2022,social_commentary,2,100,2.0
ChatGPT,2022,faith_spirituality,0,100,0.0
ChatGPT,2022,other,1,100,1.0
ChatGPT,2023,love_relationships,31,100,31.0
ChatGPT,2023,heartbreak_loss,22,100,22.0
ChatGPT,2023,sex_desire,9,100,9.0
ChatGPT,2023,self_reflection_growth,8,100,8.0
ChatGPT,2023,empowerment_confidence,12,100,12.0
ChatGPT,2023,party_celebration,8,100,8.0
ChatGPT,2023,lifestyle_success,6,100,6.0
ChatGPT,2023,social_commentary,3,100,3.0
ChatGPT,2023,faith_spirituality,1,100,1.0
ChatGPT,2023,other,0,100,0.0
Claude,2000,love_relationships,49,100,49.0
Claude,2000,heartbreak_loss,17,100,17.0
Claude,2000,sex_desire,8,100,8.0
Claude,2000,self_reflection_growth,6,100,6.0
Claude,2000,empowerment_confidence,8,100,8.0
Claude,2000,party_celebration,5,100,5.0
Claude,2000,lifestyle_success,2,100,2.0
Claude,2000,social_commentary,3,100,3.0
Claude,2000,faith_spirituality,2,100,2.0
Claude,2000,other,0,100,0.0
Claude,2001,love_relationships,39,99,39.39393939393939
Claude,2001,heartbreak_loss,17,99,17.171717171717173
Claude,2001,sex_desire,9,99,9.090909090909092
Claude,2001,self_reflection_growth,10,99,10.1010101010101
Claude,2001,empowerment_confidence,11,99,11.11111111111111
Claude,2001,party_celebration,7,99,7.070707070707071
Claude,2001,lifestyle_success,3,99,3.0303030303030303
Claude,2001,social_commentary,2,99,2.0202020202020203
Claude,2001,faith_spirituality,0,99,0.0
Claude,2001,other,1,99,1.0101010101010102
Claude,2002,love_relationships,41,100,41.0
Claude,2002,heartbreak_loss,16,100,16.0
Claude,2002,sex_desire,10,100,10.0
Claude,2002,self_reflection_growth,10,100,10.0
Claude,2002,empowerment_confidence,7,100,7.0
Claude,2002,party_celebration,6,100,6.0
Claude,2002,lifestyle_success,4,100,4.0
Claude,2002,social_commentary,4,100,4.0
Claude,2002,faith_spirituality,2,100,2.0
Claude,2002,other,0,100,0.0
Claude,2003,love_relationships,33,100,33.0
Claude,2003,heartbreak_loss,15,100,15.0
Claude,2003,sex_desire,14,100,14.0
Claude,2003,self_reflection_growth,9,100,9.0
Claude,2003,empowerment_confidence,10,100,10.0
Claude,2003,party_celebration,8,100,8.0
Claude,2003,lifestyle_success,2,100,2.0
Claude,2003,social_commentary,6,100,6.0
Claude,2003,faith_spirituality,3,100,3.0
Claude,2003,other,0,100,0.0
Claude,2004,love_relationships,28,98,28.571428571428573
Claude,2004,heartbreak_loss,15,98,15.306122448979592
Claude,2004,sex_desire,18,98,18.367346938775512
Claude,2004,self_reflection_growth,7,98,7.142857142857143
Claude,2004,empowerment_confidence,8,98,8.16326530612245
Claude,2004,party_celebration,13,98,13.26530612244898
Claude,2004,lifestyle_success,2,98,2.0408163265306123
Claude,2004,social_commentary,4,98,4.081632653061225
Claude,2004,faith_spirituality,3,98,3.061224489795918
Claude,2004,other,0,98,0.0
Claude,2005,love_relationships,28,100,28.0
Claude,2005,heartbreak_loss,19,100,19.0
Claude,2005,sex_desire,15,100,15.0
Claude,2005,self_reflection_growth,8,100,8.0
Claude,2005,empowerment_confidence,7,100,7.0
Claude,2005,party_celebration,11,100,11.0
Claude,2005,lifestyle_success,5,100,5.0
Claude,2005,social_commentary,6,100,6.0
Claude,2005,faith_spirituality,1,100,1.0
Claude,2005,other,0,100,0.0
Claude,2006,love_relationships,18,100,18.0
Claude,2006,heartbreak_loss,22,100,22.0
Claude,2006,sex_desire,23,100,23.0
Claude,2006,self_reflection_growth,10,100,10.0
Claude,2006,empowerment_confidence,6,100,6.0
Claude,2006,party_celebration,10,100,10.0
Claude,2006,lifestyle_success,4,100,4.0
Claude,2006,social_commentary,6,100,6.0
Claude,2006,faith_spirituality,1,100,1.0
Claude,2006,other,0,100,0.0
Claude,2007,love_relationships,26,99,26.262626262626263
Claude,2007,heartbreak_loss,19,99,19.19191919191919
Claude,2007,sex_desire,17,99,17.171717171717173
Claude,2007,self_reflection_growth,6,99,6.0606060606060606
Claude,2007,empowerment_confidence,11,99,11.11111111111111
Claude,2007,party_celebration,9,99,9.090909090909092
Claude,2007,lifestyle_success,5,99,5.05050505050505
Claude,2007,social_commentary,6,99,6.0606060606060606
Claude,2007,faith_spirituality,0,99,0.0
Claude,2007,other,0,99,0.0
Claude,2008,love_relationships,35,99,35.35353535353536
Claude,2008,heartbreak_loss,11,99,11.11111111111111
Claude,2008,sex_desire,20,99,20.2020202020202
Claude,2008,self_reflection_growth,10,99,10.1010101010101
Claude,2008,empowerment_confidence,9,99,9.090909090909092
Claude,2008,party_celebration,5,99,5.05050505050505
Claude,2008,lifestyle_success,6,99,6.0606060606060606
Claude,2008,social_commentary,3,99,3.0303030303030303
Claude,2008,faith_spirituality,0,99,0.0
Claude,2008,other,0,99,0.0
Claude,2009,love_relationships,30,99,30.303030303030305
Claude,2009,heartbreak_loss,15,99,15.151515151515152
Claude,2009,sex_desire,16,99,16.161616161616163
Claude,2009,self_reflection_growth,9,99,9.090909090909092
Claude,2009,empowerment_confidence,10,99,10.1010101010101
Claude,2009,party_celebration,9,99,9.090909090909092
Claude,2009,lifestyle_success,5,99,5.05050505050505
Claude,2009,social_commentary,3,99,3.0303030303030303
Claude,2009,faith_spirituality,2,99,2.0202020202020203
Claude,2009,other,0,99,0.0
Claude,2010,love_relationships,35,99,35.35353535353536
Claude,2010,heartbreak_loss,17,99,17.171717171717173
Claude,2010,sex_desire,12,99,12.121212121212121
Claude,2010,self_reflection_growth,8,99,8.080808080808081
Claude,2010,empowerment_confidence,11,99,11.11111111111111
Claude,2010,party_celebration,13,99,13.131313131313131
Claude,2010,lifestyle_success,3,99,3.0303030303030303
Claude,2010,social_commentary,0,99,0.0
Claude,2010,faith_spirituality,0,99,0.0
Claude,2010,other,0,99,0.0
Claude,2011,love_relationships,24,100,24.0
Claude,2011,heartbreak_loss,14,100,14.0
Claude,2011,sex_desire,13,100,13.0
Claude,2011,self_reflection_growth,3,100,3.0
Claude,2011,empowerment_confidence,17,100,17.0
Claude,2011,party_celebration,24,100,24.0
Claude,2011,lifestyle_success,2,100,2.0
Claude,2011,social_commentary,3,100,3.0
Claude,2011,faith_spirituality,0,100,0.0
Claude,2011,other,0,100,0.0
Claude,2012,love_relationships,35,100,35.0
Claude,2012,heartbreak_loss,19,100,19.0
Claude,2012,sex_desire,11,100,11.0
Claude,2012,self_reflection_growth,6,100,6.0
Claude,2012,empowerment_confidence,7,100,7.0
Claude,2012,party_celebration,15,100,15.0
Claude,2012,lifestyle_success,5,100,5.0
Claude,2012,social_commentary,2,100,2.0
Claude,2012,faith_spirituality,0,100,0.0
Claude,2012,other,0,100,0.0
Claude,2013,love_relationships,38,100,38.0
Claude,2013,heartbreak_loss,13,100,13.0
Claude,2013,sex_desire,7,100,7.0
Claude,2013,self_reflection_growth,8,100,8.0
Claude,2013,empowerment_confidence,11,100,11.0
Claude,2013,party_celebration,11,100,11.0
Claude,2013,lifestyle_success,6,100,6.0
Claude,2013,social_commentary,4,100,4.0
Claude,2013,faith_spirituality,1,100,1.0
Claude,2013,other,1,100,1.0
Claude,2014,love_relationships,22,99,22.22222222222222
Claude,2014,heartbreak_loss,17,99,17.171717171717173
Claude,2014,sex_desire,17,99,17.171717171717173
Claude,2014,self_reflection_growth,11,99,11.11111111111111
Claude,2014,empowerment_confidence,15,99,15.151515151515152
Claude,2014,party_celebration,13,99,13.131313131313131
Claude,2014,lifestyle_success,3,99,3.0303030303030303
Claude,2014,social_commentary,1,99,1.0101010101010102
Claude,2014,faith_spirituality,0,99,0.0
Claude,2014,other,0,99,0.0
Claude,2015,love_relationships,31,98,31.632653061224488
Claude,2015,heartbreak_loss,20,98,20.408163265306122
Claude,2015,sex_desire,13,98,13.26530612244898
Claude,2015,self_reflection_growth,3,98,3.061224489795918
Claude,2015,empowerment_confidence,14,98,14.285714285714286
Claude,2015,party_celebration,11,98,11.224489795918368
Claude,2015,lifestyle_success,5,98,5.1020408163265305
Claude,2015,social_commentary,1,98,1.0204081632653061
Claude,2015,faith_spirituality,0,98,0.0
Claude,2015,other,0,98,0.0
Claude,2016,love_relationships,28,100,28.0
Claude,2016,heartbreak_loss,21,100,21.0
Claude,2016,sex_desire,16,100,16.0
Claude,2016,self_reflection_growth,7,100,7.0
Claude,2016,empowerment_confidence,8,100,8.0
Claude,2016,party_celebration,7,100,7.0
Claude,2016,lifestyle_success,11,100,11.0
Claude,2016,social_commentary,2,100,2.0
Claude,2016,faith_spirituality,0,100,0.0
Claude,2016,other,0,100,0.0
Claude,2017,love_relationships,29,99,29.292929292929294
Claude,2017,heartbreak_loss,11,99,11.11111111111111
Claude,2017,sex_desire,13,99,13.131313131313131
Claude,2017,self_reflection_growth,4,99,4.040404040404041
Claude,2017,empowerment_confidence,12,99,12.121212121212121
Claude,2017,party_celebration,9,99,9.090909090909092
Claude,2017,lifestyle_success,16,99,16.161616161616163
Claude,2017,social_commentary,5,99,5.05050505050505
Claude,2017,faith_spirituality,0,99,0.0
Claude,2017,other,0,99,0.0
Claude,2018,love_relationships,28,99,28.282828282828284
Claude,2018,heartbreak_loss,17,99,17.171717171717173
Claude,2018,sex_desire,5,99,5.05050505050505
Claude,2018,self_reflection_growth,7,99,7.070707070707071
Claude,2018,empowerment_confidence,16,99,16.161616161616163
Claude,2018,party_celebration,4,99,4.040404040404041
Claude,2018,lifestyle_success,16,99,16.161616161616163
Claude,2018,social_commentary,3,99,3.0303030303030303
Claude,2018,faith_spirituality,2,99,2.0202020202020203
Claude,2018,other,1,99,1.0101010101010102
Claude,2019,love_relationships,24,100,24.0
Claude,2019,heartbreak_loss,20,100,20.0
Claude,2019,sex_desire,11,100,11.0
Claude,2019,self_reflection_growth,5,100,5.0
Claude,2019,empowerment_confidence,10,100,10.0
Claude,2019,party_celebration,3,100,3.0
Claude,2019,lifestyle_success,18,100,18.0
Claude,2019,social_commentary,6,100,6.0
Claude,2019,faith_spirituality,2,100,2.0
Claude,2019,other,1,100,1.0
Claude,2020,love_relationships,27,99,27.272727272727273
Claude,2020,heartbreak_loss,19,99,19.19191919191919
Claude,2020,sex_desire,12,99,12.121212121212121
Claude,2020,self_reflection_growth,5,99,5.05050505050505
Claude,2020,empowerment_confidence,11,99,11.11111111111111
Claude,2020,party_celebration,5,99,5.05050505050505
Claude,2020,lifestyle_success,18,99,18.181818181818183
Claude,2020,social_commentary,2,99,2.0202020202020203
Claude,2020,faith_spirituality,0,99,0.0
Claude,2020,other,0,99,0.0
Claude,2021,love_relationships,28,100,28.0
Claude,2021,heartbreak_loss,22,100,22.0
Claude,2021,sex_desire,12,100,12.0
Claude,2021,self_reflection_growth,9,100,9.0
Claude,2021,empowerment_confidence,12,100,12.0
Claude,2021,party_celebration,5,100,5.0
Claude,2021,lifestyle_success,7,100,7.0
Claude,2021,social_commentary,4,100,4.0
Claude,2021,faith_spirituality,1,100,1.0
Claude,2021,other,0,100,0.0
Claude,2022,love_relationships,29,100,29.0
Claude,2022,heartbreak_loss,26,100,26.0
Claude,2022,sex_desire,14,100,14.0
Claude,2022,self_reflection_growth,10,100,10.0
Claude,2022,empowerment_confidence,8,100,8.0
Claude,2022,party_celebration,5,100,5.0
Claude,2022,lifestyle_success,5,100,5.0
Claude,2022,social_commentary,3,100,3.0
Claude,2022,faith_spirituality,0,100,0.0
Claude,2022,other,0,100,0.0
Claude,2023,love_relationships,30,100,30.0
Claude,2023,heartbreak_loss,26,100,26.0
Claude,2023,sex_desire,7,100,7.0
Claude,2023,self_reflection_growth,5,100,5.0
Claude,2023,empowerment_confidence,15,100,15.0
Claude,2023,party_celebration,7,100,7.0
Claude,2023,lifestyle_success,6,100,6.0
Claude,2023,social_commentary,3,100,3.0
Claude,2023,faith_spirituality,1,100,1.0
Claude,2023,other,0,100,0.0
DeepSeek,2000,love_relationships,42,100,42.0
DeepSeek,2000,heartbreak_loss,18,100,18.0
DeepSeek,2000,sex_desire,10,100,10.0
DeepSeek,2000,self_reflection_growth,14,100,14.0
DeepSeek,2000,empowerment_confidence,1,100,1.0
DeepSeek,2000,party_celebration,3,100,3.0
DeepSeek,2000,lifestyle_success,4,100,4.0
DeepSeek,2000,social_commentary,3,100,3.0
DeepSeek,2000,faith_spirituality,1,100,1.0
DeepSeek,2000,other,4,100,4.0
DeepSeek,2001,love_relationships,31,99,31.31313131313131
DeepSeek,2001,heartbreak_loss,21,99,21.21212121212121
DeepSeek,2001,sex_desire,13,99,13.131313131313131
DeepSeek,2001,self_reflection_growth,13,99,13.131313131313131
DeepSeek,2001,empowerment_confidence,6,99,6.0606060606060606
DeepSeek,2001,party_celebration,6,99,6.0606060606060606
DeepSeek,2001,lifestyle_success,6,99,6.0606060606060606
DeepSeek,2001,social_commentary,1,99,1.0101010101010102
DeepSeek,2001,faith_spirituality,0,99,0.0
DeepSeek,2001,other,2,99,2.0202020202020203
DeepSeek,2002,love_relationships,38,100,38.0
DeepSeek,2002,heartbreak_loss,20,100,20.0
DeepSeek,2002,sex_desire,10,100,10.0
DeepSeek,2002,self_reflection_growth,17,100,17.0
DeepSeek,2002,empowerment_confidence,1,100,1.0
DeepSeek,2002,party_celebration,6,100,6.0
DeepSeek,2002,lifestyle_success,6,100,6.0
DeepSeek,2002,social_commentary,2,100,2.0
DeepSeek,2002,faith_spirituality,0,100,0.0
DeepSeek,2002,other,0,100,0.0
DeepSeek,2003,love_relationships,28,100,28.0
DeepSeek,2003,heartbreak_loss,17,100,17.0
DeepSeek,2003,sex_desire,15,100,15.0
DeepSeek,2003,self_reflection_growth,17,100,17.0
DeepSeek,2003,empowerment_confidence,4,100,4.0
DeepSeek,2003,party_celebration,5,100,5.0
DeepSeek,2003,lifestyle_success,7,100,7.0
DeepSeek,2003,social_commentary,6,100,6.0
DeepSeek,2003,faith_spirituality,1,100,1.0
DeepSeek,2003,other,0,100,0.0
DeepSeek,2004,love_relationships,25,98,25.510204081632654
DeepSeek,2004,heartbreak_loss,16,98,16.3265306122449
DeepSeek,2004,sex_desire,21,98,21.428571428571427
DeepSeek,2004,self_reflection_growth,8,98,8.16326530612245
DeepSeek,2004,empowerment_confidence,4,98,4.081632653061225
DeepSeek,2004,party_celebration,9,98,9.183673469387756
DeepSeek,2004,lifestyle_success,8,98,8.16326530612245
DeepSeek,2004,social_commentary,5,98,5.1020408163265305
DeepSeek,2004,faith_spirituality,2,98,2.0408163265306123
DeepSeek,2004,other,0,98,0.0
DeepSeek,2005,love_relationships,22,100,22.0
DeepSeek,2005,heartbreak_loss,21,100,21.0
DeepSeek,2005,sex_desire,21,100,21.0
DeepSeek,2005,self_reflection_growth,9,100,9.0
DeepSeek,2005,empowerment_confidence,1,100,1.0
DeepSeek,2005,party_celebration,8,100,8.0
DeepSeek,2005,lifestyle_success,10,100,10.0
DeepSeek,2005,social_commentary,5,100,5.0
DeepSeek,2005,faith_spirituality,1,100,1.0
DeepSeek,2005,other,2,100,2.0
DeepSeek,2006,love_relationships,14,100,14.0
DeepSeek,2006,heartbreak_loss,27,100,27.0
DeepSeek,2006,sex_desire,25,100,25.0
DeepSeek,2006,self_reflection_growth,10,100,10.0
DeepSeek,2006,empowerment_confidence,2,100,2.0
DeepSeek,2006,party_celebration,6,100,6.0
DeepSeek,2006,lifestyle_success,9,100,9.0
DeepSeek,2006,social_commentary,7,100,7.0
DeepSeek,2006,faith_spirituality,0,100,0.0
DeepSeek,2006,other,0,100,0.0
DeepSeek,2007,love_relationships,23,99,23.232323232323232
DeepSeek,2007,heartbreak_loss,21,99,21.21212121212121
DeepSeek,2007,sex_desire,20,99,20.2020202020202
DeepSeek,2007,self_reflection_growth,9,99,9.090909090909092
DeepSeek,2007,empowerment_confidence,5,99,5.05050505050505
DeepSeek,2007,party_celebration,6,99,6.0606060606060606
DeepSeek,2007,lifestyle_success,8,99,8.080808080808081
DeepSeek,2007,social_commentary,6,99,6.0606060606060606
DeepSeek,2007,faith_spirituality,0,99,0.0
DeepSeek,2007,other,1,99,1.0101010101010102
DeepSeek,2008,love_relationships,28,99,28.282828282828284
DeepSeek,2008,heartbreak_loss,14,99,14.141414141414142
DeepSeek,2008,sex_desire,21,99,21.21212121212121
DeepSeek,2008,self_reflection_growth,14,99,14.141414141414142
DeepSeek,2008,empowerment_confidence,4,99,4.040404040404041
DeepSeek,2008,party_celebration,2,99,2.0202020202020203
DeepSeek,2008,lifestyle_success,10,99,10.1010101010101
DeepSeek,2008,social_commentary,6,99,6.0606060606060606
DeepSeek,2008,faith_spirituality,0,99,0.0
DeepSeek,2008,other,0,99,0.0
DeepSeek,2009,love_relationships,26,99,26.262626262626263
DeepSeek,2009,heartbreak_loss,18,99,18.181818181818183
DeepSeek,2009,sex_desire,15,99,15.151515151515152
DeepSeek,2009,self_reflection_growth,11,99,11.11111111111111
DeepSeek,2009,empowerment_confidence,7,99,7.070707070707071
DeepSeek,2009,party_celebration,8,99,8.080808080808081
DeepSeek,2009,lifestyle_success,9,99,9.090909090909092
DeepSeek,2009,social_commentary,2,99,2.0202020202020203
DeepSeek,2009,faith_spirituality,1,99,1.0101010101010102
DeepSeek,2009,other,2,99,2.0202020202020203
DeepSeek,2010,love_relationships,31,99,31.31313131313131
DeepSeek,2010,heartbreak_loss,18,99,18.181818181818183
DeepSeek,2010,sex_desire,13,99,13.131313131313131
DeepSeek,2010,self_reflection_growth,10,99,10.1010101010101
DeepSeek,2010,empowerment_confidence,4,99,4.040404040404041
DeepSeek,2010,party_celebration,13,99,13.131313131313131
DeepSeek,2010,lifestyle_success,9,99,9.090909090909092
DeepSeek,2010,social_commentary,1,99,1.0101010101010102
DeepSeek,2010,faith_spirituality,0,99,0.0
DeepSeek,2010,other,0,99,0.0
DeepSeek,2011,love_relationships,19,100,19.0
DeepSeek,2011,heartbreak_loss,16,100,16.0
DeepSeek,2011,sex_desire,16,100,16.0
DeepSeek,2011,self_reflection_growth,10,100,10.0
DeepSeek,2011,empowerment_confidence,6,100,6.0
DeepSeek,2011,party_celebration,20,100,20.0
DeepSeek,2011,lifestyle_success,9,100,9.0
DeepSeek,2011,social_commentary,3,100,3.0
DeepSeek,2011,faith_spirituality,1,100,1.0
DeepSeek,2011,other,0,100,0.0
DeepSeek,2012,love_relationships,32,100,32.0
DeepSeek,2012,heartbreak_loss,22,100,22.0
DeepSeek,2012,sex_desire,10,100,10.0
DeepSeek,2012,self_reflection_growth,7,100,7.0
DeepSeek,2012,empowerment_confidence,5,100,5.0
DeepSeek,2012,party_celebration,12,100,12.0
DeepSeek,2012,lifestyle_success,10,100,10.0
DeepSeek,2012,social_commentary,2,100,2.0
DeepSeek,2012,faith_spirituality,0,100,0.0
DeepSeek,2012,other,0,100,0.0
DeepSeek,2013,love_relationships,33,100,33.0
DeepSeek,2013,heartbreak_loss,17,100,17.0
DeepSeek,2013,sex_desire,7,100,7.0
DeepSeek,2013,self_reflection_growth,11,100,11.0
DeepSeek,2013,empowerment_confidence,5,100,5.0
DeepSeek,2013,party_celebration,9,100,9.0
DeepSeek,2013,lifestyle_success,10,100,10.0
DeepSeek,2013,social_commentary,6,100,6.0
DeepSeek,2013,faith_spirituality,1,100,1.0
DeepSeek,2013,other,1,100,1.0
DeepSeek,2014,love_relationships,22,99,22.22222222222222
DeepSeek,2014,heartbreak_loss,18,99,18.181818181818183
DeepSeek,2014,sex_desire,15,99,15.151515151515152
DeepSeek,2014,self_reflection_growth,12,99,12.121212121212121
DeepSeek,2014,empowerment_confidence,6,99,6.0606060606060606
DeepSeek,2014,party_celebration,12,99,12.121212121212121
DeepSeek,2014,lifestyle_success,9,99,9.090909090909092
DeepSeek,2014,social_commentary,4,99,4.040404040404041
DeepSeek,2014,faith_spirituality,0,99,0.0
DeepSeek,2014,other,1,99,1.0101010101010102
DeepSeek,2015,love_relationships,32,98,32.6530612244898
DeepSeek,2015,heartbreak_loss,16,98,16.3265306122449
DeepSeek,2015,sex_desire,13,98,13.26530612244898
DeepSeek,2015,self_reflection_growth,8,98,8.16326530612245
DeepSeek,2015,empowerment_confidence,5,98,5.1020408163265305
DeepSeek,2015,party_celebration,9,98,9.183673469387756
DeepSeek,2015,lifestyle_success,13,98,13.26530612244898
DeepSeek,2015,social_commentary,1,98,1.0204081632653061
DeepSeek,2015,faith_spirituality,0,98,0.0
DeepSeek,2015,other,1,98,1.0204081632653061
DeepSeek,2016,love_relationships,25,100,25.0
DeepSeek,2016,heartbreak_loss,22,100,22.0
DeepSeek,2016,sex_desire,14,100,14.0
DeepSeek,2016,self_reflection_growth,10,100,10.0
DeepSeek,2016,empowerment_confidence,7,100,7.0
DeepSeek,2016,party_celebration,5,100,5.0
DeepSeek,2016,lifestyle_success,15,100,15.0
DeepSeek,2016,social_commentary,2,100,2.0
DeepSeek,2016,faith_spirituality,0,100,0.0
DeepSeek,2016,other,0,100,0.0
DeepSeek,2017,love_relationships,23,99,23.232323232323232
DeepSeek,2017,heartbreak_loss,13,99,13.131313131313131
DeepSeek,2017,sex_desire,15,99,15.151515151515152
DeepSeek,2017,self_reflection_growth,10,99,10.1010101010101
DeepSeek,2017,empowerment_confidence,3,99,3.0303030303030303
DeepSeek,2017,party_celebration,6,99,6.0606060606060606
DeepSeek,2017,lifestyle_success,23,99,23.232323232323232
DeepSeek,2017,social_commentary,5,99,5.05050505050505
DeepSeek,2017,faith_spirituality,0,99,0.0
DeepSeek,2017,other,1,99,1.0101010101010102
DeepSeek,2018,love_relationships,26,99,26.262626262626263
DeepSeek,2018,heartbreak_loss,22,99,22.22222222222222
DeepSeek,2018,sex_desire,4,99,4.040404040404041
DeepSeek,2018,self_reflection_growth,13,99,13.131313131313131
DeepSeek,2018,empowerment_confidence,4,99,4.040404040404041
DeepSeek,2018,party_celebration,2,99,2.0202020202020203
DeepSeek,2018,lifestyle_success,23,99,23.232323232323232
DeepSeek,2018,social_commentary,3,99,3.0303030303030303
DeepSeek,2018,faith_spirituality,2,99,2.0202020202020203
DeepSeek,2018,other,0,99,0.0
DeepSeek,2019,love_relationships,23,100,23.0
DeepSeek,2019,heartbreak_loss,19,100,19.0
DeepSeek,2019,sex_desire,14,100,14.0
DeepSeek,2019,self_reflection_growth,9,100,9.0
DeepSeek,2019,empowerment_confidence,3,100,3.0
DeepSeek,2019,party_celebration,3,100,3.0
DeepSeek,2019,lifestyle_success,22,100,22.0
DeepSeek,2019,social_commentary,3,100,3.0
DeepSeek,2019,faith_spirituality,2,100,2.0
DeepSeek,2019,other,2,100,2.0
DeepSeek,2020,love_relationships,19,99,19.19191919191919
DeepSeek,2020,heartbreak_loss,22,99,22.22222222222222
DeepSeek,2020,sex_desire,14,99,14.141414141414142
DeepSeek,2020,self_reflection_growth,11,99,11.11111111111111
DeepSeek,2020,empowerment_confidence,4,99,4.040404040404041
DeepSeek,2020,party_celebration,3,99,3.0303030303030303
DeepSeek,2020,lifestyle_success,24,99,24.242424242424242
DeepSeek,2020,social_commentary,2,99,2.0202020202020203
DeepSeek,2020,faith_spirituality,0,99,0.0
DeepSeek,2020,other,0,99,0.0
DeepSeek,2021,love_relationships,28,100,28.0
DeepSeek,2021,heartbreak_loss,20,100,20.0
DeepSeek,2021,sex_desire,14,100,14.0
DeepSeek,2021,self_reflection_growth,13,100,13.0
DeepSeek,2021,empowerment_confidence,7,100,7.0
DeepSeek,2021,party_celebration,3,100,3.0
DeepSeek,2021,lifestyle_success,12,100,12.0
DeepSeek,2021,social_commentary,0,100,0.0
DeepSeek,2021,faith_spirituality,1,100,1.0
DeepSeek,2021,other,2,100,2.0
DeepSeek,2022,love_relationships,26,100,26.0
DeepSeek,2022,heartbreak_loss,29,100,29.0
DeepSeek,2022,sex_desire,15,100,15.0
DeepSeek,2022,self_reflection_growth,10,100,10.0
DeepSeek,2022,empowerment_confidence,5,100,5.0
DeepSeek,2022,party_celebration,4,100,4.0
DeepSeek,2022,lifestyle_success,8,100,8.0
DeepSeek,2022,social_commentary,3,100,3.0
DeepSeek,2022,faith_spirituality,0,100,0.0
DeepSeek,2022,other,0,100,0.0
DeepSeek,2023,love_relationships,26,100,26.0
DeepSeek,2023,heartbreak_loss,25,100,25.0
DeepSeek,2023,sex_desire,9,100,9.0
DeepSeek,2023,self_reflection_growth,8,100,8.0
DeepSeek,2023,empowerment_confidence,10,100,10.0
DeepSeek,2023,party_celebration,6,100,6.0
DeepSeek,2023,lifestyle_success,8,100,8.0
DeepSeek,2023,social_commentary,4,100,4.0
DeepSeek,2023,faith_spirituality,3,100,3.0
DeepSeek,2023,other,1,100,1.0
Gemini,2000,love_relationships,45,100,45.0
Gemini,2000,heartbreak_loss,15,100,15.0
Gemini,2000,sex_desire,10,100,10.0
Gemini,2000,self_reflection_growth,13,100,13.0
Gemini,2000,empowerment_confidence,7,100,7.0
Gemini,2000,party_celebration,4,100,4.0
Gemini,2000,lifestyle_success,3,100,3.0
Gemini,2000,social_commentary,2,100,2.0
Gemini,2000,faith_spirituality,1,100,1.0
Gemini,2000,other,0,100,0.0
Gemini,2001,love_relationships,40,99,40.4040404040404
Gemini,2001,heartbreak_loss,16,99,16.161616161616163
Gemini,2001,sex_desire,11,99,11.11111111111111
Gemini,2001,self_reflection_growth,10,99,10.1010101010101
Gemini,2001,empowerment_confidence,9,99,9.090909090909092
Gemini,2001,party_celebration,5,99,5.05050505050505
Gemini,2001,lifestyle_success,6,99,6.0606060606060606
Gemini,2001,social_commentary,1,99,1.0101010101010102
Gemini,2001,faith_spirituality,0,99,0.0
Gemini,2001,other,1,99,1.0101010101010102
Gemini,2002,love_relationships,40,100,40.0
Gemini,2002,heartbreak_loss,13,100,13.0
Gemini,2002,sex_desire,14,100,14.0
Gemini,2002,self_reflection_growth,12,100,12.0
Gemini,2002,empowerment_confidence,6,100,6.0
Gemini,2002,party_celebration,5,100,5.0
Gemini,2002,lifestyle_success,5,100,5.0
Gemini,2002,social_commentary,3,100,3.0
Gemini,2002,faith_spirituality,2,100,2.0
Gemini,2002,other,0,100,0.0
Gemini,2003,love_relationships,30,100,30.0
Gemini,2003,heartbreak_loss,12,100,12.0
Gemini,2003,sex_desire,18,100,18.0
Gemini,2003,self_reflection_growth,13,100,13.0
Gemini,2003,empowerment_confidence,8,100,8.0
Gemini,2003,party_celebration,7,100,7.0
Gemini,2003,lifestyle_success,5,100,5.0
Gemini,2003,social_commentary,5,100,5.0
Gemini,2003,faith_spirituality,2,100,2.0
Gemini,2003,other,0,100,0.0
Gemini,2004,love_relationships,28,97,28.8659793814433
Gemini,2004,heartbreak_loss,11,97,11.34020618556701
Gemini,2004,sex_desire,20,97,20.61855670103093
Gemini,2004,self_reflection_growth,10,97,10.309278350515465
Gemini,2004,empowerment_confidence,7,97,7.216494845360825
Gemini,2004,party_celebration,8,97,8.24742268041237
Gemini,2004,lifestyle_success,6,97,6.185567010309279
Gemini,2004,social_commentary,5,97,5.154639175257732
Gemini,2004,faith_spirituality,2,97,2.0618556701030926
Gemini,2004,other,0,97,0.0
Gemini,2005,love_relationships,28,98,28.571428571428573
Gemini,2005,heartbreak_loss,17,98,17.346938775510203
Gemini,2005,sex_desire,16,98,16.3265306122449
Gemini,2005,self_reflection_growth,7,98,7.142857142857143
Gemini,2005,empowerment_confidence,7,98,7.142857142857143
Gemini,2005,party_celebration,9,98,9.183673469387756
Gemini,2005,lifestyle_success,8,98,8.16326530612245
Gemini,2005,social_commentary,4,98,4.081632653061225
Gemini,2005,faith_spirituality,1,98,1.0204081632653061
Gemini,2005,other,1,98,1.0204081632653061
Gemini,2006,love_relationships,22,100,22.0
Gemini,2006,heartbreak_loss,16,100,16.0
Gemini,2006,sex_desire,26,100,26.0
Gemini,2006,self_reflection_growth,11,100,11.0
Gemini,2006,empowerment_confidence,6,100,6.0
Gemini,2006,party_celebration,5,100,5.0
Gemini,2006,lifestyle_success,7,100,7.0
Gemini,2006,social_commentary,6,100,6.0
Gemini,2006,faith_spirituality,0,100,0.0
Gemini,2006,other,1,100,1.0
Gemini,2007,love_relationships,32,99,32.323232323232325
Gemini,2007,heartbreak_loss,14,99,14.141414141414142
Gemini,2007,sex_desire,20,99,20.2020202020202
Gemini,2007,self_reflection_growth,6,99,6.0606060606060606
Gemini,2007,empowerment_confidence,10,99,10.1010101010101
Gemini,2007,party_celebration,5,99,5.05050505050505
Gemini,2007,lifestyle_success,7,99,7.070707070707071
Gemini,2007,social_commentary,5,99,5.05050505050505
Gemini,2007,faith_spirituality,0,99,0.0
Gemini,2007,other,0,99,0.0
Gemini,2008,love_relationships,32,98,32.6530612244898
Gemini,2008,heartbreak_loss,10,98,10.204081632653061
Gemini,2008,sex_desire,23,98,23.46938775510204
Gemini,2008,self_reflection_growth,12,98,12.244897959183673
Gemini,2008,empowerment_confidence,8,98,8.16326530612245
Gemini,2008,party_celebration,2,98,2.0408163265306123
Gemini,2008,lifestyle_success,9,98,9.183673469387756
Gemini,2008,social_commentary,2,98,2.0408163265306123
Gemini,2008,faith_spirituality,0,98,0.0
Gemini,2008,other,0,98,0.0
Gemini,2009,love_relationships,34,99,34.343434343434346
Gemini,2009,heartbreak_loss,13,99,13.131313131313131
Gemini,2009,sex_desire,16,99,16.161616161616163
Gemini,2009,self_reflection_growth,12,99,12.121212121212121
Gemini,2009,empowerment_confidence,12,99,12.121212121212121
Gemini,2009,party_celebration,4,99,4.040404040404041
Gemini,2009,lifestyle_success,7,99,7.070707070707071
Gemini,2009,social_commentary,0,99,0.0
Gemini,2009,faith_spirituality,0,99,0.0
Gemini,2009,other,1,99,1.0101010101010102
Gemini,2010,love_relationships,37,99,37.37373737373738
Gemini,2010,heartbreak_loss,12,99,12.121212121212121
Gemini,2010,sex_desire,15,99,15.151515151515152
Gemini,2010,self_reflection_growth,9,99,9.090909090909092
Gemini,2010,empowerment_confidence,7,99,7.070707070707071
Gemini,2010,party_celebration,7,99,7.070707070707071
Gemini,2010,lifestyle_success,10,99,10.1010101010101
Gemini,2010,social_commentary,1,99,1.0101010101010102
Gemini,2010,faith_spirituality,0,99,0.0
Gemini,2010,other,1,99,1.0101010101010102
Gemini,2011,love_relationships,25,100,25.0
Gemini,2011,heartbreak_loss,10,100,10.0
Gemini,2011,sex_desire,16,100,16.0
Gemini,2011,self_reflection_growth,5,100,5.0
Gemini,2011,empowerment_confidence,15,100,15.0
Gemini,2011,party_celebration,18,100,18.0
Gemini,2011,lifestyle_success,9,100,9.0
Gemini,2011,social_commentary,2,100,2.0
Gemini,2011,faith_spirituality,0,100,0.0
Gemini,2011,other,0,100,0.0
Gemini,2012,love_relationships,35,100,35.0
Gemini,2012,heartbreak_loss,16,100,16.0
Gemini,2012,sex_desire,13,100,13.0
Gemini,2012,self_reflection_growth,7,100,7.0
Gemini,2012,empowerment_confidence,7,100,7.0
Gemini,2012,party_celebration,12,100,12.0
Gemini,2012,lifestyle_success,9,100,9.0
Gemini,2012,social_commentary,1,100,1.0
Gemini,2012,faith_spirituality,0,100,0.0
Gemini,2012,other,0,100,0.0
Gemini,2013,love_relationships,39,100,39.0
Gemini,2013,heartbreak_loss,10,100,10.0
Gemini,2013,sex_desire,7,100,7.0
Gemini,2013,self_reflection_growth,13,100,13.0
Gemini,2013,empowerment_confidence,8,100,8.0
Gemini,2013,party_celebration,8,100,8.0
Gemini,2013,lifestyle_success,10,100,10.0
Gemini,2013,social_commentary,4,100,4.0
Gemini,2013,faith_spirituality,0,100,0.0
Gemini,2013,other,1,100,1.0
Gemini,2014,love_relationships,28,99,28.282828282828284
Gemini,2014,heartbreak_loss,12,99,12.121212121212121
Gemini,2014,sex_desire,19,99,19.19191919191919
Gemini,2014,self_reflection_growth,12,99,12.121212121212121
Gemini,2014,empowerment_confidence,13,99,13.131313131313131
Gemini,2014,party_celebration,10,99,10.1010101010101
Gemini,2014,lifestyle_success,4,99,4.040404040404041
Gemini,2014,social_commentary,1,99,1.0101010101010102
Gemini,2014,faith_spirituality,0,99,0.0
Gemini,2014,other,0,99,0.0
Gemini,2015,love_relationships,33,98,33.673469387755105
Gemini,2015,heartbreak_loss,15,98,15.306122448979592
Gemini,2015,sex_desire,16,98,16.3265306122449
Gemini,2015,self_reflection_growth,6,98,6.122448979591836
Gemini,2015,empowerment_confidence,11,98,11.224489795918368
Gemini,2015,party_celebration,9,98,9.183673469387756
Gemini,2015,lifestyle_success,8,98,8.16326530612245
Gemini,2015,social_commentary,0,98,0.0
Gemini,2015,faith_spirituality,0,98,0.0
Gemini,2015,other,0,98,0.0
Gemini,2016,love_relationships,32,100,32.0
Gemini,2016,heartbreak_loss,15,100,15.0
Gemini,2016,sex_desire,19,100,19.0
Gemini,2016,self_reflection_growth,8,100,8.0
Gemini,2016,empowerment_confidence,7,100,7.0
Gemini,2016,party_celebration,4,100,4.0
Gemini,2016,lifestyle_success,14,100,14.0
Gemini,2016,social_commentary,1,100,1.0
Gemini,2016,faith_spirituality,0,100,0.0
Gemini,2016,other,0,100,0.0
Gemini,2017,love_relationships,31,99,31.31313131313131
Gemini,2017,heartbreak_loss,9,99,9.090909090909092
Gemini,2017,sex_desire,14,99,14.141414141414142
Gemini,2017,self_reflection_growth,7,99,7.070707070707071
Gemini,2017,empowerment_confidence,7,99,7.070707070707071
Gemini,2017,party_celebration,4,99,4.040404040404041
Gemini,2017,lifestyle_success,22,99,22.22222222222222
Gemini,2017,social_commentary,5,99,5.05050505050505
Gemini,2017,faith_spirituality,0,99,0.0
Gemini,2017,other,0,99,0.0
Gemini,2018,love_relationships,29,99,29.292929292929294
Gemini,2018,heartbreak_loss,15,99,15.151515151515152
Gemini,2018,sex_desire,7,99,7.070707070707071
Gemini,2018,self_reflection_growth,9,99,9.090909090909092
Gemini,2018,empowerment_confidence,13,99,13.131313131313131
Gemini,2018,party_celebration,1,99,1.0101010101010102
Gemini,2018,lifestyle_success,23,99,23.232323232323232
Gemini,2018,social_commentary,2,99,2.0202020202020203
Gemini,2018,faith_spirituality,0,99,0.0
Gemini,2018,other,0,99,0.0
Gemini,2019,love_relationships,28,99,28.282828282828284
Gemini,2019,heartbreak_loss,16,99,16.161616161616163
Gemini,2019,sex_desire,12,99,12.121212121212121
Gemini,2019,self_reflection_growth,6,99,6.0606060606060606
Gemini,2019,empowerment_confidence,8,99,8.080808080808081
Gemini,2019,party_celebration,1,99,1.0101010101010102
Gemini,2019,lifestyle_success,22,99,22.22222222222222
Gemini,2019,social_commentary,3,99,3.0303030303030303
Gemini,2019,faith_spirituality,2,99,2.0202020202020203
Gemini,2019,other,1,99,1.0101010101010102
Gemini,2020,love_relationships,26,99,26.262626262626263
Gemini,2020,heartbreak_loss,15,99,15.151515151515152
Gemini,2020,sex_desire,15,99,15.151515151515152
Gemini,2020,self_reflection_growth,9,99,9.090909090909092
Gemini,2020,empowerment_confidence,6,99,6.0606060606060606
Gemini,2020,party_celebration,4,99,4.040404040404041
Gemini,2020,lifestyle_success,21,99,21.21212121212121
Gemini,2020,social_commentary,3,99,3.0303030303030303
Gemini,2020,faith_spirituality,0,99,0.0
Gemini,2020,other,0,99,0.0
Gemini,2021,love_relationships,29,99,29.292929292929294
Gemini,2021,heartbreak_loss,19,99,19.19191919191919
Gemini,2021,sex_desire,14,99,14.141414141414142
Gemini,2021,self_reflection_growth,11,99,11.11111111111111
Gemini,2021,empowerment_confidence,10,99,10.1010101010101
Gemini,2021,party_celebration,3,99,3.0303030303030303
Gemini,2021,lifestyle_success,12,99,12.121212121212121
Gemini,2021,social_commentary,0,99,0.0
Gemini,2021,faith_spirituality,1,99,1.0101010101010102
Gemini,2021,other,0,99,0.0
Gemini,2022,love_relationships,28,100,28.0
Gemini,2022,heartbreak_loss,25,100,25.0
Gemini,2022,sex_desire,17,100,17.0
Gemini,2022,self_reflection_growth,11,100,11.0
Gemini,2022,empowerment_confidence,10,100,10.0
Gemini,2022,party_celebration,3,100,3.0
Gemini,2022,lifestyle_success,5,100,5.0
Gemini,2022,social_commentary,1,100,1.0
Gemini,2022,faith_spirituality,0,100,0.0
Gemini,2022,other,0,100,0.0
Gemini,2023,love_relationships,32,99,32.323232323232325
Gemini,2023,heartbreak_loss,21,99,21.21212121212121
Gemini,2023,sex_desire,8,99,8.080808080808081
Gemini,2023,self_reflection_growth,9,99,9.090909090909092
Gemini,2023,empowerment_confidence,13,99,13.131313131313131
Gemini,2023,party_celebration,5,99,5.05050505050505
Gemini,2023,lifestyle_success,6,99,6.0606060606060606
Gemini,2023,social_commentary,3,99,3.0303030303030303
Gemini,2023,faith_spirituality,2,99,2.0202020202020203
Gemini,2023,other,0,99,0.0
Mistral,2000,love_relationships,46,100,46.0
Mistral,2000,heartbreak_loss,15,100,15.0
Mistral,2000,sex_desire,11,100,11.0
Mistral,2000,self_reflection_growth,10,100,10.0
Mistral,2000,empowerment_confidence,3,100,3.0
Mistral,2000,party_celebration,4,100,4.0
Mistral,2000,lifestyle_success,4,100,4.0
Mistral,2000,social_commentary,3,100,3.0
Mistral,2000,faith_spirituality,2,100,2.0
Mistral,2000,other,2,100,2.0
Mistral,2001,love_relationships,40,99,40.4040404040404
Mistral,2001,heartbreak_loss,16,99,16.161616161616163
Mistral,2001,sex_desire,13,99,13.131313131313131
Mistral,2001,self_reflection_growth,9,99,9.090909090909092
Mistral,2001,empowerment_confidence,6,99,6.0606060606060606
Mistral,2001,party_celebration,7,99,7.070707070707071
Mistral,2001,lifestyle_success,6,99,6.0606060606060606
Mistral,2001,social_commentary,1,99,1.0101010101010102
Mistral,2001,faith_spirituality,0,99,0.0
Mistral,2001,other,1,99,1.0101010101010102
Mistral,2002,love_relationships,42,100,42.0
Mistral,2002,heartbreak_loss,14,100,14.0
Mistral,2002,sex_desire,11,100,11.0
Mistral,2002,self_reflection_growth,15,100,15.0
Mistral,2002,empowerment_confidence,5,100,5.0
Mistral,2002,party_celebration,6,100,6.0
Mistral,2002,lifestyle_success,4,100,4.0
Mistral,2002,social_commentary,2,100,2.0
Mistral,2002,faith_spirituality,1,100,1.0
Mistral,2002,other,0,100,0.0
Mistral,2003,love_relationships,27,100,27.0
Mistral,2003,heartbreak_loss,17,100,17.0
Mistral,2003,sex_desire,16,100,16.0
Mistral,2003,self_reflection_growth,15,100,15.0
Mistral,2003,empowerment_confidence,3,100,3.0
Mistral,2003,party_celebration,7,100,7.0
Mistral,2003,lifestyle_success,5,100,5.0
Mistral,2003,social_commentary,10,100,10.0
Mistral,2003,faith_spirituality,0,100,0.0
Mistral,2003,other,0,100,0.0
Mistral,2004,love_relationships,22,98,22.448979591836736
Mistral,2004,heartbreak_loss,15,98,15.306122448979592
Mistral,2004,sex_desire,20,98,20.408163265306122
Mistral,2004,self_reflection_growth,10,98,10.204081632653061
Mistral,2004,empowerment_confidence,2,98,2.0408163265306123
Mistral,2004,party_celebration,11,98,11.224489795918368
Mistral,2004,lifestyle_success,11,98,11.224489795918368
Mistral,2004,social_commentary,5,98,5.1020408163265305
Mistral,2004,faith_spirituality,2,98,2.0408163265306123
Mistral,2004,other,0,98,0.0
Mistral,2005,love_relationships,31,100,31.0
Mistral,2005,heartbreak_loss,17,100,17.0
Mistral,2005,sex_desire,17,100,17.0
Mistral,2005,self_reflection_growth,8,100,8.0
Mistral,2005,empowerment_confidence,3,100,3.0
Mistral,2005,party_celebration,11,100,11.0
Mistral,2005,lifestyle_success,10,100,10.0
Mistral,2005,social_commentary,2,100,2.0
Mistral,2005,faith_spirituality,1,100,1.0
Mistral,2005,other,0,100,0.0
Mistral,2006,love_relationships,21,100,21.0
Mistral,2006,heartbreak_loss,14,100,14.0
Mistral,2006,sex_desire,26,100,26.0
Mistral,2006,self_reflection_growth,12,100,12.0
Mistral,2006,empowerment_confidence,3,100,3.0
Mistral,2006,party_celebration,7,100,7.0
Mistral,2006,lifestyle_success,8,100,8.0
Mistral,2006,social_commentary,8,100,8.0
Mistral,2006,faith_spirituality,0,100,0.0
Mistral,2006,other,1,100,1.0
Mistral,2007,love_relationships,28,99,28.282828282828284
Mistral,2007,heartbreak_loss,17,99,17.171717171717173
Mistral,2007,sex_desire,18,99,18.181818181818183
Mistral,2007,self_reflection_growth,7,99,7.070707070707071
Mistral,2007,empowerment_confidence,4,99,4.040404040404041
Mistral,2007,party_celebration,8,99,8.080808080808081
Mistral,2007,lifestyle_success,9,99,9.090909090909092
Mistral,2007,social_commentary,7,99,7.070707070707071
Mistral,2007,faith_spirituality,0,99,0.0
Mistral,2007,other,1,99,1.0101010101010102
Mistral,2008,love_relationships,32,99,32.323232323232325
Mistral,2008,heartbreak_loss,13,99,13.131313131313131
Mistral,2008,sex_desire,20,99,20.2020202020202
Mistral,2008,self_reflection_growth,9,99,9.090909090909092
Mistral,2008,empowerment_confidence,4,99,4.040404040404041
Mistral,2008,party_celebration,4,99,4.040404040404041
Mistral,2008,lifestyle_success,11,99,11.11111111111111
Mistral,2008,social_commentary,6,99,6.0606060606060606
Mistral,2008,faith_spirituality,0,99,0.0
Mistral,2008,other,0,99,0.0
Mistral,2009,love_relationships,33,99,33.333333333333336
Mistral,2009,heartbreak_loss,13,99,13.131313131313131
Mistral,2009,sex_desire,15,99,15.151515151515152
Mistral,2009,self_reflection_growth,9,99,9.090909090909092
Mistral,2009,empowerment_confidence,5,99,5.05050505050505
Mistral,2009,party_celebration,9,99,9.090909090909092
Mistral,2009,lifestyle_success,9,99,9.090909090909092
Mistral,2009,social_commentary,4,99,4.040404040404041
Mistral,2009,faith_spirituality,1,99,1.0101010101010102
Mistral,2009,other,1,99,1.0101010101010102
Mistral,2010,love_relationships,31,99,31.31313131313131
Mistral,2010,heartbreak_loss,16,99,16.161616161616163
Mistral,2010,sex_desire,15,99,15.151515151515152
Mistral,2010,self_reflection_growth,10,99,10.1010101010101
Mistral,2010,empowerment_confidence,3,99,3.0303030303030303
Mistral,2010,party_celebration,14,99,14.141414141414142
Mistral,2010,lifestyle_success,9,99,9.090909090909092
Mistral,2010,social_commentary,1,99,1.0101010101010102
Mistral,2010,faith_spirituality,0,99,0.0
Mistral,2010,other,0,99,0.0
Mistral,2011,love_relationships,20,100,20.0
Mistral,2011,heartbreak_loss,12,100,12.0
Mistral,2011,sex_desire,18,100,18.0
Mistral,2011,self_reflection_growth,11,100,11.0
Mistral,2011,empowerment_confidence,4,100,4.0
Mistral,2011,party_celebration,21,100,21.0
Mistral,2011,lifestyle_success,11,100,11.0
Mistral,2011,social_commentary,3,100,3.0
Mistral,2011,faith_spirituality,0,100,0.0
Mistral,2011,other,0,100,0.0
Mistral,2012,love_relationships,34,100,34.0
Mistral,2012,heartbreak_loss,18,100,18.0
Mistral,2012,sex_desire,12,100,12.0
Mistral,2012,self_reflection_growth,7,100,7.0
Mistral,2012,empowerment_confidence,2,100,2.0
Mistral,2012,party_celebration,13,100,13.0
Mistral,2012,lifestyle_success,13,100,13.0
Mistral,2012,social_commentary,1,100,1.0
Mistral,2012,faith_spirituality,0,100,0.0
Mistral,2012,other,0,100,0.0
Mistral,2013,love_relationships,33,100,33.0
Mistral,2013,heartbreak_loss,11,100,11.0
Mistral,2013,sex_desire,11,100,11.0
Mistral,2013,self_reflection_growth,13,100,13.0
Mistral,2013,empowerment_confidence,7,100,7.0
Mistral,2013,party_celebration,11,100,11.0
Mistral,2013,lifestyle_success,10,100,10.0
Mistral,2013,social_commentary,3,100,3.0
Mistral,2013,faith_spirituality,0,100,0.0
Mistral,2013,other,1,100,1.0
Mistral,2014,love_relationships,28,99,28.282828282828284
Mistral,2014,heartbreak_loss,12,99,12.121212121212121
Mistral,2014,sex_desire,16,99,16.161616161616163
Mistral,2014,self_reflection_growth,12,99,12.121212121212121
Mistral,2014,empowerment_confidence,8,99,8.080808080808081
Mistral,2014,party_celebration,13,99,13.131313131313131
Mistral,2014,lifestyle_success,8,99,8.080808080808081
Mistral,2014,social_commentary,1,99,1.0101010101010102
Mistral,2014,faith_spirituality,0,99,0.0
Mistral,2014,other,1,99,1.0101010101010102
Mistral,2015,love_relationships,36,98,36.734693877551024
Mistral,2015,heartbreak_loss,16,98,16.3265306122449
Mistral,2015,sex_desire,12,98,12.244897959183673
Mistral,2015,self_reflection_growth,8,98,8.16326530612245
Mistral,2015,empowerment_confidence,3,98,3.061224489795918
Mistral,2015,party_celebration,10,98,10.204081632653061
Mistral,2015,lifestyle_success,10,98,10.204081632653061
Mistral,2015,social_commentary,2,98,2.0408163265306123
Mistral,2015,faith_spirituality,0,98,0.0
Mistral,2015,other,1,98,1.0204081632653061
Mistral,2016,love_relationships,31,100,31.0
Mistral,2016,heartbreak_loss,15,100,15.0
Mistral,2016,sex_desire,14,100,14.0
Mistral,2016,self_reflection_growth,10,100,10.0
Mistral,2016,empowerment_confidence,7,100,7.0
Mistral,2016,party_celebration,4,100,4.0
Mistral,2016,lifestyle_success,15,100,15.0
Mistral,2016,social_commentary,3,100,3.0
Mistral,2016,faith_spirituality,1,100,1.0
Mistral,2016,other,0,100,0.0
Mistral,2017,love_relationships,30,99,30.303030303030305
Mistral,2017,heartbreak_loss,8,99,8.080808080808081
Mistral,2017,sex_desire,13,99,13.131313131313131
Mistral,2017,self_reflection_growth,10,99,10.1010101010101
Mistral,2017,empowerment_confidence,1,99,1.0101010101010102
Mistral,2017,party_celebration,8,99,8.080808080808081
Mistral,2017,lifestyle_success,22,99,22.22222222222222
Mistral,2017,social_commentary,5,99,5.05050505050505
Mistral,2017,faith_spirituality,0,99,0.0
Mistral,2017,other,2,99,2.0202020202020203
Mistral,2018,love_relationships,34,99,34.343434343434346
Mistral,2018,heartbreak_loss,15,99,15.151515151515152
Mistral,2018,sex_desire,6,99,6.0606060606060606
Mistral,2018,self_reflection_growth,9,99,9.090909090909092
Mistral,2018,empowerment_confidence,5,99,5.05050505050505
Mistral,2018,party_celebration,2,99,2.0202020202020203
Mistral,2018,lifestyle_success,23,99,23.232323232323232
Mistral,2018,social_commentary,3,99,3.0303030303030303
Mistral,2018,faith_spirituality,1,99,1.0101010101010102
Mistral,2018,other,1,99,1.0101010101010102
Mistral,2019,love_relationships,28,100,28.0
Mistral,2019,heartbreak_loss,14,100,14.0
Mistral,2019,sex_desire,10,100,10.0
Mistral,2019,self_reflection_growth,7,100,7.0
Mistral,2019,empowerment_confidence,4,100,4.0
Mistral,2019,party_celebration,4,100,4.0
Mistral,2019,lifestyle_success,26,100,26.0
Mistral,2019,social_commentary,4,100,4.0
Mistral,2019,faith_spirituality,2,100,2.0
Mistral,2019,other,1,100,1.0
Mistral,2020,love_relationships,30,99,30.303030303030305
Mistral,2020,heartbreak_loss,13,99,13.131313131313131
Mistral,2020,sex_desire,13,99,13.131313131313131
Mistral,2020,self_reflection_growth,12,99,12.121212121212121
Mistral,2020,empowerment_confidence,4,99,4.040404040404041
Mistral,2020,party_celebration,5,99,5.05050505050505
Mistral,2020,lifestyle_success,18,99,18.181818181818183
Mistral,2020,social_commentary,4,99,4.040404040404041
Mistral,2020,faith_spirituality,0,99,0.0
Mistral,2020,other,0,99,0.0
Mistral,2021,love_relationships,28,100,28.0
Mistral,2021,heartbreak_loss,20,100,20.0
Mistral,2021,sex_desire,16,100,16.0
Mistral,2021,self_reflection_growth,10,100,10.0
Mistral,2021,empowerment_confidence,4,100,4.0
Mistral,2021,party_celebration,5,100,5.0
Mistral,2021,lifestyle_success,12,100,12.0
Mistral,2021,social_commentary,3,100,3.0
Mistral,2021,faith_spirituality,2,100,2.0
Mistral,2021,other,0,100,0.0
Mistral,2022,love_relationships,29,100,29.0
Mistral,2022,heartbreak_loss,24,100,24.0
Mistral,2022,sex_desire,18,100,18.0
Mistral,2022,self_reflection_growth,9,100,9.0
Mistral,2022,empowerment_confidence,2,100,2.0
Mistral,2022,party_celebration,8,100,8.0
Mistral,2022,lifestyle_success,6,100,6.0
Mistral,2022,social_commentary,4,100,4.0
Mistral,2022,faith_spirituality,0,100,0.0
Mistral,2022,other,0,100,0.0
Mistral,2023,love_relationships,36,100,36.0
Mistral,2023,heartbreak_loss,16,100,16.0
Mistral,2023,sex_desire,10,100,10.0
Mistral,2023,self_reflection_growth,11,100,11.0
Mistral,2023,empowerment_confidence,8,100,8.0
Mistral,2023,party_celebration,6,100,6.0
Mistral,2023,lifestyle_success,7,100,7.0
Mistral,2023,social_commentary,4,100,4.0
Mistral,2023,faith_spirituality,2,100,2.0
Mistral,2023,other,0,100,0.0
